postal_address,street,city,state,zip_code,latitude,longitude
"6549 Cheryl Mount Apt. 814, East Dianaville, NE 68082",6549 Cheryl Mount Apt. 814,East Dianaville,NE,68082,41.205113,-97.136885
"274 Cooper Road, Lake Luis, VA 23405",274 Cooper Road,Lake Luis,VA,23405,38.540922,-77.30121
"03800 Joyce Hills Apt. 464, Lake Charles, MA 02104",03800 Joyce Hills Apt. 464,Lake Charles,MA,02104,41.664977,-71.135253
"83544 Janet Lake Suite 667, Port Austin, AK 99667",83544 Janet Lake Suite 667,Port Austin,AK,99667,65.739115,-143.977991
"452 Brooke Mill, South Cesar, DC 20032",452 Brooke Mill,South Cesar,DC,20032,38.791645,-77.119759
"686 Ferguson Drive Apt. 831, Teresaside, NE 68047",686 Ferguson Drive Apt. 831,Teresaside,NE,68047,40.609612,-96.828319
"6563 Eddie Plaza, West Alexandermouth, AL 36166",6563 Eddie Plaza,West Alexandermouth,AL,36166,34.035716,-84.888246
"91125 White Stream Apt. 383, North Kellyberg, SD 57240",91125 White Stream Apt. 383,North Kellyberg,SD,57240,43.132874,-101.648367
"26457 Lisa Summit, Port Amanda, MN 55482",26457 Lisa Summit,Port Amanda,MN,55482,46.339089,-96.268893
"5055 Jean Ramp, Watsonfort, HI 96716",5055 Jean Ramp,Watsonfort,HI,96716,19.881478,-155.795026
"48986 Heather Cove, Martinezfurt, AR 72164",48986 Heather Cove,Martinezfurt,AR,72164,36.499749,-94.617859
"85573 Roberto Run Suite 908, Vincentberg, NH 03560",85573 Roberto Run Suite 908,Vincentberg,NH,03560,42.697042,-71.081865
"6787 Jessica Forge Suite 014, Louistown, ID 83536",6787 Jessica Forge Suite 014,Louistown,ID,83536,49.000846,-114.713129
"3102 Maldonado Meadows, Marquezburgh, SD 57459",3102 Maldonado Meadows,Marquezburgh,SD,57459,43.123576,-101.937755
"3283 Thompson Row, West Carl, KY 40704",3283 Thompson Row,West Carl,KY,40704,38.312509,-87.317219
"29001 Le Estate, Fryetown, UT 84417",29001 Le Estate,Fryetown,UT,84417,42.001702,-109.262217
"978 Evans Street Apt. 130, Port Kirk, WI 53032",978 Evans Street Apt. 130,Port Kirk,WI,53032,42.49172,-91.920535
"6109 Kelly Hills, Laurenshire, NH 03355",6109 Kelly Hills,Laurenshire,NH,03355,43.578705,-71.75523
"3777 Elizabeth Springs, Kellyland, NV 89626",3777 Elizabeth Springs,Kellyland,NV,89626,39.121183,-120.006473
"79305 Susan Burgs, Doylestad, NJ 08613",79305 Susan Burgs,Doylestad,NJ,08613,41.299889,-75.563586
"8097 Lowe Unions Apt. 174, Davidstad, NH 03836",8097 Lowe Unions Apt. 174,Davidstad,NH,03836,43.150634,-71.804074
"88247 Hatfield Springs, Wagnertown, NM 88407",88247 Hatfield Springs,Wagnertown,NM,88407,33.445909,-103.453947
"40174 Brenda Knolls, Lake Christinemouth, ND 58398",40174 Brenda Knolls,Lake Christinemouth,ND,58398,48.180247,-103.844017
"839 Richard Pass, Laurashire, NM 87676",839 Richard Pass,Laurashire,NM,87676,32.834125,-105.955725
"3523 Wagner Loop, East Desireeborough, OR 97683",3523 Wagner Loop,East Desireeborough,OR,97683,45.250563,-123.186961
"775 Horton Ramp, South Christopherville, DC 20003",775 Horton Ramp,South Christopherville,DC,20003,38.791645,-76.909393
"987 Ashley Vista Suite 953, East Candice, MA 02422",987 Ashley Vista Suite 953,East Candice,MA,02422,42.659178,-71.324541
"910 Kelley Parkways, New Crystalside, AZ 85450",910 Kelley Parkways,New Crystalside,AZ,85450,32.374256,-113.655777
"15163 Baker Turnpike Apt. 372, North Joseph, TX 79658",15163 Baker Turnpike Apt. 372,North Joseph,TX,79658,34.935795,-99.267055
"7235 Rowe Fort, Sandratown, MD 21154",7235 Rowe Fort,Sandratown,MD,21154,38.435824,-75.158633
"95927 Laura Squares, Port Haley, MA 02373",95927 Laura Squares,Port Haley,MA,02373,41.437401,-70.077207
"544 Miller Pines, Port Danielmouth, MO 65123",544 Miller Pines,Port Danielmouth,MO,65123,38.148517,-95.461711
"1130 Rachel Ford Suite 210, Lake Brian, AR 71644",1130 Rachel Ford Suite 210,Lake Brian,AR,71644,36.499749,-93.176311
"05305 Dean Park Apt. 601, Jeremytown, RI 02845",05305 Dean Park Apt. 601,Jeremytown,RI,02845,41.68602,-71.304143
"861 Jeffrey Road, Wayneburgh, WI 54384",861 Jeffrey Road,Wayneburgh,WI,54384,45.793243,-88.701126
"2254 James Alley, Destinyfort, ME 04074",2254 James Alley,Destinyfort,ME,04074,44.434113,-70.161625
"163 Maldonado Mission, Dawnview, CO 80334",163 Maldonado Mission,Dawnview,CO,80334,39.755518,-106.301873
"56320 Thompson Coves Suite 376, Deniseville, VT 05458",56320 Thompson Coves Suite 376,Deniseville,VT,05458,44.750093,-73.437905
"047 John Fall, Hensonland, AR 72898",047 John Fall,Hensonland,AR,72898,36.02926,-91.035267
"77915 Hicks Turnpike Suite 261, Kevintown, VT 05474",77915 Hicks Turnpike Suite 261,Kevintown,VT,05474,44.687136,-72.484956
"39559 Daniel Mill, South Linda, UT 84435",39559 Daniel Mill,South Linda,UT,84435,36.997657,-113.684324
"9419 John Inlet Suite 584, Leahchester, WY 83062",9419 John Inlet Suite 584,Leahchester,WY,83062,44.699468,-105.923099
"1388 Nathan Forks, Harrisstad, AK 99560",1388 Nathan Forks,Harrisstad,AK,99560,68.34881,-155.139858
"69438 Deborah Trafficway, Vasquezstad, MO 63460",69438 Deborah Trafficway,Vasquezstad,MO,63460,38.54239,-95.557445
"47477 Peters Trafficway Apt. 989, South Brittanyfort, AR 71784",47477 Peters Trafficway Apt. 989,South Brittanyfort,AR,71784,35.117847,-89.640997
"198 Cindy Common, East Andrew, MT 59161",198 Cindy Common,East Andrew,MT,59161,46.02943,-110.941683
"24744 Lynn Shores Apt. 236, Katiehaven, GA 31912",24744 Lynn Shores Apt. 236,Katiehaven,GA,31912,31.630326,-85.256663
"1679 Banks Flat, Goodland, NV 88958",1679 Banks Flat,Goodland,NV,88958,36.510749,-115.621741
"6869 Amber Pike, New Paige, AK 99766",6869 Amber Pike,New Paige,AK,99766,68.121287,-144.97337
"19028 Turner Place, Christophershire, SC 29216",19028 Turner Place,Christophershire,SC,29216,35.215485,-78.499301
"3568 Mary Shores, East Kendrabury, CT 06346",3568 Mary Shores,East Kendrabury,CT,06346,40.950943,-73.22848
"685 Megan Villages Apt. 166, Hillberg, FL 34430",685 Megan Villages Apt. 166,Hillberg,FL,34430,28.089834,-81.536507
"75734 Reed Plaza Apt. 769, West Emilymouth, SC 29089",75734 Reed Plaza Apt. 769,West Emilymouth,SC,29089,34.983022,-83.118808
"6231 Ballard Coves Apt. 808, New Leahborough, AL 35004",6231 Ballard Coves Apt. 808,New Leahborough,AL,35004,32.266434,-88.204644
"15168 Justin Streets Apt. 406, Caseview, UT 84330",15168 Justin Streets Apt. 406,Caseview,UT,84330,37.09098,-114.052885
"9926 Hill Hill, Burkeberg, OK 73132",9926 Hill Hill,Burkeberg,OK,73132,37.002312,-97.81297
"46241 Holly Dale, West Brady, MN 55747",46241 Holly Dale,West Brady,MN,55747,46.096768,-90.343245
"6887 Keith Isle Suite 405, Delacruztown, AR 71829",6887 Keith Isle Suite 405,Delacruztown,AR,71829,36.225079,-94.54174
"552 Brown Grove, South Joshuabury, MO 64257",552 Brown Grove,South Joshuabury,MO,64257,36.029492,-91.547978
"78814 Jeremy Manor, Mooreland, OK 73160",78814 Jeremy Manor,Mooreland,OK,73160,36.121049,-96.547391
"12370 Daniel Fields Apt. 874, Danielland, OK 73091",12370 Daniel Fields Apt. 874,Danielland,OK,73091,33.615787,-103.002413
"54448 David Courts Apt. 621, Port Rebecca, MI 48868",54448 David Courts Apt. 621,Port Rebecca,MI,48868,46.546793,-90.013501
"825 Kent Lights Apt. 222, Port William, WY 82851",825 Kent Lights Apt. 222,Port William,WY,82851,40.994772,-106.900957
"68685 Caitlin Fields Suite 227, Port Daniel, TN 37842",68685 Caitlin Fields Suite 227,Port Daniel,TN,37842,36.357674,-89.817437
"04947 Susan Station, New Joshuatown, TN 37130",04947 Susan Station,New Joshuatown,TN,37130,35.750606,-83.654962
"802 Andrew Causeway, New Robinshire, AZ 86402",802 Andrew Causeway,New Robinshire,AZ,86402,31.811583,-109.045172
"88842 Sellers Plaza, South Emily, OH 45623",88842 Sellers Plaza,South Emily,OH,45623,38.791516,-82.687285
"528 Megan Alley Suite 389, North Heidi, VA 24202",528 Megan Alley Suite 389,North Heidi,VA,24202,37.462501,-79.893646
"5008 Stacey Wells Suite 592, Mezaburgh, MT 59165",5008 Stacey Wells Suite 592,Mezaburgh,MT,59165,48.873563,-110.477994
"539 Christopher Route Suite 668, West Ashleychester, TN 37432",539 Christopher Route Suite 668,West Ashleychester,TN,37432,36.163757,-84.5393
"4929 Yvonne Fork, New Troyberg, KY 42701",4929 Yvonne Fork,New Troyberg,KY,42701,36.899732,-86.530433
"438 Coleman Crest, Wendyside, SC 29928",438 Coleman Crest,Wendyside,SC,29928,35.215485,-78.534684
"36502 Taylor Port, New Justin, DC 20034",36502 Taylor Port,New Justin,DC,20034,38.791645,-77.119759
"9625 Carter Lakes Apt. 212, Jenniferfort, AK 99714",9625 Carter Lakes Apt. 212,Jenniferfort,AK,99714,65.291248,-158.412453
"4844 Mcgee Pass, Matthewstad, IN 47978",4844 Mcgee Pass,Matthewstad,IN,47978,38.008861,-88.097892
"73529 Walker Flat, Rogersberg, LA 70590",73529 Walker Flat,Rogersberg,LA,70590,32.586895,-89.793301
"22239 Stacy Stream Apt. 339, Port Timothy, NJ 07731",22239 Stacy Stream Apt. 339,Port Timothy,NJ,07731,41.046065,-74.962798
"589 Marshall Lake, East Joannport, MN 56638",589 Marshall Lake,East Joannport,MN,56638,45.818149,-89.988911
"77933 Martinez Port Suite 939, Stephanieland, WI 53845",77933 Martinez Port Suite 939,Stephanieland,WI,53845,47.309822,-92.412066
"6854 Martin Road, Ibarrafort, RI 02909",6854 Martin Road,Ibarrafort,RI,02909,42.018799,-71.889158
"128 Brown Estates Apt. 204, Port Matthew, IN 47361",128 Brown Estates Apt. 204,Port Matthew,IN,47361,37.792161,-85.403856
"15924 Richards Locks, New Lucas, NM 87797",15924 Richards Locks,New Lucas,NM,87797,36.101324,-108.307227
"488 Smith Heights Apt. 064, Port Lauraton, WV 26276",488 Smith Heights Apt. 064,Port Lauraton,WV,26276,38.836377,-77.719519
"89850 Christopher Turnpike, Waynemouth, SD 57573",89850 Christopher Turnpike,Waynemouth,SD,57573,45.33558,-104.057879
"378 Angela Points Apt. 186, Lake Christopher, AR 72438",378 Angela Points Apt. 186,Lake Christopher,AR,72438,35.126552,-94.617859
"09475 Lara Underpass Suite 947, Marcusfort, UT 84475",09475 Lara Underpass Suite 947,Marcusfort,UT,84475,39.039296,-111.835135
"96821 Hester Glen, Port Sean, MN 56357",96821 Hester Glen,Port Sean,MN,56357,46.586832,-95.002784
"4409 Emily Vista Apt. 649, Lake Dakota, NV 89077",4409 Emily Vista Apt. 649,Lake Dakota,NV,89077,37.563518,-119.007934
"71457 Monica Loop, North Gabriellaside, MI 48067",71457 Monica Loop,North Gabriellaside,MI,48067,46.919177,-86.455444
"286 Katie Fork Suite 774, Port Caseymouth, RI 02822",286 Katie Fork Suite 774,Port Caseymouth,RI,02822,42.018799,-71.13967
"432 Evans Oval Apt. 738, Derekburgh, VA 22125",432 Evans Oval Apt. 738,Derekburgh,VA,22125,36.597845,-81.674943
"123 Deborah Field Apt. 520, South Scottport, MN 55028",123 Deborah Field Apt. 520,South Scottport,MN,55028,48.345853,-97.239093
"72117 Hood Stravenue, West Scott, FL 32112",72117 Hood Stravenue,West Scott,FL,32112,30.819608,-81.637773
"01445 Brooke Row Apt. 339, Pricefort, WV 25916",01445 Brooke Row Apt. 339,Pricefort,WV,25916,38.255192,-80.163197
"9312 Page Lock, Robertsport, GA 31216",9312 Page Lock,Robertsport,GA,31216,32.088321,-84.362964
"935 Grant Court, North Daniel, DE 19952",935 Grant Court,North Daniel,DE,19952,38.741379,-75.274896
"36835 Edwards Cliff Suite 964, Lawrenceburgh, OK 73177",36835 Edwards Cliff Suite 964,Lawrenceburgh,OK,73177,35.647628,-94.619127
"204 Jason Roads Suite 575, Williamsfurt, OH 45316",204 Jason Roads Suite 575,Williamsfurt,OH,45316,40.354506,-84.417573
"227 Kline Ridge, East Alexton, VA 24009",227 Kline Ridge,East Alexton,VA,24009,37.797925,-76.081453
"39807 Hamilton Shore Apt. 429, New Angelaville, IN 46176",39807 Hamilton Shore Apt. 429,New Angelaville,IN,46176,37.771672,-88.097892
"86437 Davis Islands Apt. 225, New Crystal, PA 16650",86437 Davis Islands Apt. 225,New Crystal,PA,16650,40.729961,-79.507486
"51610 Rebecca Ridge Suite 494, Lake Alexis, NC 27141",51610 Rebecca Ridge Suite 494,Lake Alexis,NC,27141,34.45327,-81.722932
"7749 Bobby Port Apt. 144, Williamsside, ID 83814",7749 Bobby Port Apt. 144,Williamsside,ID,83814,46.167635,-117.055721
"37890 Zachary Fields, South Jenniferland, KY 42127",37890 Zachary Fields,South Jenniferland,KY,42127,37.068951,-83.08063
"25888 Simmons Turnpike Apt. 950, Jayville, GA 30328",25888 Simmons Turnpike Apt. 950,Jayville,GA,30328,35.001303,-80.78296
"65715 Christina Island, Davishaven, TN 37687",65715 Christina Island,Davishaven,TN,37687,34.982924,-85.111832
"80442 Hill Center Apt. 807, Port Holly, MS 38902",80442 Hill Center Apt. 807,Port Holly,MS,38902,30.327024,-90.383054
"80203 Mark Stream Suite 401, Lake Ian, OH 44809",80203 Mark Stream Suite 401,Lake Ian,OH,44809,39.051475,-80.67575
"08051 Timothy Square, Ashleyshire, AL 35456",08051 Timothy Square,Ashleyshire,AL,35456,30.909261,-84.888246
"125 Murphy Ports, East Larryfort, MO 63726",125 Murphy Ports,East Larryfort,MO,63726,39.936669,-94.701665
"5493 Dixon Estates, North Mason, IN 47304",5493 Dixon Estates,North Mason,IN,47304,41.56352,-87.413965
"21561 Candice Plains Suite 137, Lake Williammouth, CT 06341",21561 Candice Plains Suite 137,Lake Williammouth,CT,06341,42.050511,-71.787239
"063 Gavin Divide Suite 325, Lake Albert, DE 19814",063 Gavin Divide Suite 325,Lake Albert,DE,19814,38.946465,-75.195671
"8395 Judith Estate Suite 751, West William, NC 28881",8395 Judith Estate Suite 751,West William,NC,28881,33.977196,-82.289226
"384 Margaret Forges, Lynnfurt, WA 98641",384 Margaret Forges,Lynnfurt,WA,98641,46.569689,-116.916071
"044 Blackburn Station, Jacobtown, NJ 07334",044 Blackburn Station,Jacobtown,NJ,07334,40.315354,-73.975
"2043 Ponce Mountain, Aguirretown, NJ 07404",2043 Ponce Mountain,Aguirretown,NJ,07404,39.985935,-75.31974
"04288 Martin Shoals Suite 295, North Samantha, AR 72138",04288 Martin Shoals Suite 295,North Samantha,AR,72138,35.425382,-92.969536
"5118 Wilson Mountain, North Randallside, DE 19833",5118 Wilson Mountain,North Randallside,DE,19833,39.169409,-74.984165
"3742 Carter Prairie Apt. 943, Wesleychester, TN 38042",3742 Carter Prairie Apt. 943,Wesleychester,TN,38042,34.982924,-87.477911
"8534 Samantha Cliff Suite 435, Stevenside, MA 02450",8534 Samantha Cliff Suite 435,Stevenside,MA,02450,41.58299,-73.471125
"4485 Myers Stravenue Suite 127, Lake Kimberlyside, WY 82331",4485 Myers Stravenue Suite 127,Lake Kimberlyside,WY,82331,44.519666,-111.054558
"23167 Christine Brooks Apt. 920, West Tommy, NE 68019",23167 Christine Brooks Apt. 920,West Tommy,NE,68019,39.999932,-102.754095
"743 Smith Vista, New Johnfurt, IA 51901",743 Smith Vista,New Johnfurt,IA,51901,43.449993,-96.534838
"093 David Courts, Greenborough, DC 20010",093 David Courts,Greenborough,DC,20010,38.791645,-76.909393
"2009 Hansen Extensions Suite 603, North Paul, KY 42766",2009 Hansen Extensions Suite 603,North Paul,KY,42766,38.761087,-81.964788
"21328 Hinton Shore, North Jennifer, NY 12692",21328 Hinton Shore,North Jennifer,NY,12692,43.343626,-76.892952
"2125 Patricia Throughway, Port Brianport, KS 67613",2125 Patricia Throughway,Port Brianport,KS,67613,37.997607,-97.648708
"920 Cantu Trail, Lake Ashley, MI 49057",920 Cantu Trail,Lake Ashley,MI,49057,46.388583,-87.806396
"554 Miller Lane, Longbury, IA 52253",554 Miller Lane,Longbury,IA,52253,41.768568,-94.602876
"4640 Smith Meadows Apt. 214, Amyfurt, WY 82079",4640 Smith Meadows Apt. 214,Amyfurt,WY,82079,42.703967,-110.42788
"838 Carney Spur Apt. 846, Lake Nicholefort, DE 19896",838 Carney Spur Apt. 846,Lake Nicholefort,DE,19896,39.281305,-75.08394
"877 Jones Underpass Suite 480, Davismouth, MD 20896",877 Jones Underpass Suite 480,Davismouth,MD,20896,38.71743,-76.213439
"146 Dawn Orchard Suite 351, Jamesfurt, OR 97226",146 Dawn Orchard Suite 351,Jamesfurt,OR,97226,44.753225,-119.380237
"1812 Rodriguez Vista, Lake Philipbury, CA 91742",1812 Rodriguez Vista,Lake Philipbury,CA,91742,36.734079,-114.712
"881 Dwayne Brook, New Larry, PA 15175",881 Dwayne Brook,New Larry,PA,15175,42.516072,-74.689561
"428 Eric Valley, East Stephanie, MN 56274",428 Eric Valley,East Stephanie,MN,56274,45.303175,-96.031231
"12331 Jenna Shoals Suite 056, Lake Charles, NE 68104",12331 Jenna Shoals Suite 056,Lake Charles,NE,68104,42.588394,-101.173194
"50940 Jonathan Key Suite 216, East Kathleenhaven, AK 99804",50940 Jonathan Key Suite 216,East Kathleenhaven,AK,99804,67.192932,-163.517612
"606 Cheryl Keys Apt. 822, Millerberg, TX 78825",606 Cheryl Keys Apt. 822,Millerberg,TX,78825,34.710619,-100.365327
"99800 Gross Forest, Weeksport, VT 05480",99800 Gross Forest,Weeksport,VT,05480,43.858363,-72.561446
"94795 Connor Locks Apt. 098, Danielsfort, WA 98677",94795 Connor Locks Apt. 098,Danielsfort,WA,98677,48.485134,-118.853811
"7518 Cooper Green, West Ashley, WV 25035",7518 Cooper Green,West Ashley,WV,25035,38.051,-82.257081
"7173 Sandra Landing Apt. 937, North Dennis, VT 05238",7173 Sandra Landing Apt. 937,North Dennis,VT,05238,43.691577,-72.570266
"92726 David Dale, North Katherineshire, OK 73119",92726 David Dale,North Katherineshire,OK,73119,35.392571,-100.622851
"597 Dean Street Suite 534, North Thomasside, OR 97506",597 Dean Street Suite 534,North Thomasside,OR,97506,42.476842,-121.494262
"98496 Michael Via Apt. 186, Lake Rebeccashire, CO 80144",98496 Michael Via Apt. 186,Lake Rebeccashire,CO,80144,40.007918,-108.687985
"28899 Sharon Throughway Suite 357, Dayland, KY 42780",28899 Sharon Throughway Suite 357,Dayland,KY,42780,39.114705,-88.757851
"66499 Shelia Estates, Davidmouth, IL 60368",66499 Shelia Estates,Davidmouth,IL,60368,36.970298,-89.440967
"47425 Hale Unions, Brandonport, AL 36146",47425 Hale Unions,Brandonport,AL,36146,32.255072,-87.861471
"103 Kayla Park Apt. 097, East Theresamouth, IA 50890",103 Kayla Park Apt. 097,East Theresamouth,IA,50890,42.166528,-94.092992
"2649 Crawford Hill, New Jakeview, GA 30108",2649 Crawford Hill,New Jakeview,GA,30108,31.534214,-85.066328
"1595 Carl Mews, Antonioborough, NM 87686",1595 Carl Mews,Antonioborough,NM,87686,33.009181,-109.050431
"08410 Andre Land Suite 450, Clarkville, CO 81310",08410 Andre Land Suite 450,Clarkville,CO,81310,41.003444,-108.202492
"977 Stewart Cliff, Ericaton, IL 61463",977 Stewart Cliff,Ericaton,IL,61463,38.21907,-89.848455
"937 Carla Centers, Port Saraburgh, OK 73148",937 Carla Centers,Port Saraburgh,OK,73148,35.033454,-98.199897
"2014 Richmond Views Suite 149, Lake Casey, IL 60267",2014 Richmond Views Suite 149,Lake Casey,IL,60267,37.782449,-91.513079
"33686 Justin Shores Suite 935, Vincentfort, VT 05122",33686 Justin Shores Suite 935,Vincentfort,VT,05122,44.440785,-71.465047
"0059 Mcintosh Crossroad, West Toddfort, ME 04214",0059 Mcintosh Crossroad,West Toddfort,ME,04214,45.369439,-68.168048
"9361 Howard Bypass Apt. 404, Sullivanborough, DE 19923",9361 Howard Bypass Apt. 404,Sullivanborough,DE,19923,39.406467,-74.984165
"1836 Chad Valleys Apt. 466, Andrewland, ME 04889",1836 Chad Valleys Apt. 466,Andrewland,ME,04889,45.479584,-70.101537
"7190 Andrew Court, Aprilborough, NC 28830",7190 Andrew Court,Aprilborough,NC,28830,35.32257,-82.485088
"7695 Sanchez Radial, Butlerport, WV 26146",7695 Sanchez Radial,Butlerport,WV,26146,40.546445,-78.206198
"953 Coleman Lights, Carterberg, TX 79012",953 Coleman Lights,Carterberg,TX,79012,31.009027,-93.508039
"7147 Ray Center, Louisland, CO 80635",7147 Ray Center,Louisland,CO,80635,38.872179,-104.137004
"9547 Justin Mills Suite 942, Becktown, RI 02939",9547 Justin Mills Suite 942,Becktown,RI,02939,41.54368,-71.540957
"9831 Hart Lake Apt. 872, East Amandahaven, LA 70276",9831 Hart Lake Apt. 872,East Amandahaven,LA,70276,30.907065,-93.443859
"60894 Hooper Squares, Eatonside, MT 59831",60894 Hooper Squares,Eatonside,MT,59831,46.575916,-104.534259
"83553 Melissa Island Apt. 565, New Andrewmouth, TX 79061",83553 Melissa Island Apt. 565,New Andrewmouth,TX,79061,30.203495,-97.161785
"61387 Wilson Flats Suite 738, Port Joshualand, TN 37678",61387 Wilson Flats Suite 738,Port Joshualand,TN,37678,36.110512,-81.6469
"5793 Adams Station Apt. 770, Lake Carrie, MS 39765",5793 Adams Station Apt. 770,Lake Carrie,MS,39765,31.879265,-91.169914
"27564 Sharon Route, South Tylerside, AR 72582",27564 Sharon Route,South Tylerside,AR,72582,35.789911,-90.343028
"627 Collins Fork Apt. 024, Baldwinshire, SD 57563",627 Collins Fork Apt. 024,Baldwinshire,SD,57563,44.709763,-99.798231
"7624 Guzman Canyon Suite 189, Vasquezberg, TN 37549",7624 Guzman Canyon Suite 189,Vasquezberg,TN,37549,36.185484,-89.71928
"727 Theresa Pass Apt. 493, Lake Howard, TN 37670",727 Theresa Pass Apt. 493,Lake Howard,TN,37670,34.982924,-88.429563
"8916 Charles Shoal Suite 498, Amandaberg, KY 40127",8916 Charles Shoal Suite 498,Amandaberg,KY,40127,38.760165,-86.310677
"6184 Martha Mountains Apt. 986, West Kyleview, MA 01591",6184 Martha Mountains Apt. 986,West Kyleview,MA,01591,42.056437,-72.37202
"960 Mays Parkway Suite 861, Jacksonville, MA 01683",960 Mays Parkway Suite 861,Jacksonville,MA,01683,41.886194,-73.43549
"401 John Walks, New Gregory, NE 68070",401 John Walks,New Gregory,NE,68070,40.130096,-96.299899
"14271 Oneal Rapid Apt. 943, South Christopherberg, RI 02805",14271 Oneal Rapid Apt. 943,South Christopherberg,RI,02805,41.842943,-71.407655
"64982 Golden Valleys Apt. 179, South Charleschester, LA 70311",64982 Golden Valleys Apt. 179,South Charleschester,LA,70311,31.022864,-89.727193
"092 Matthew Court, North Brittanyland, DE 19723",092 Matthew Court,North Brittanyland,DE,19723,39.386647,-74.984165
"3198 Steven Extension, Davidton, HI 96733",3198 Steven Extension,Davidton,HI,96733,19.6788,-156.06715
"1163 Frank Harbor Suite 868, North Gabrielle, MS 38772",1163 Frank Harbor Suite 868,North Gabrielle,MS,38772,34.479266,-89.65623
"28528 Michael Circles Apt. 108, West Chelsey, WI 53516",28528 Michael Circles Apt. 108,West Chelsey,WI,53516,47.309822,-87.409436
"86686 Francisco Rapids, Watsonmouth, IA 50756",86686 Francisco Rapids,Watsonmouth,IA,50756,43.501196,-93.220965
"20651 Malone Route, Andersonport, NE 68118",20651 Malone Route,Andersonport,NE,68118,42.424927,-96.122789
"406 Alicia Club Suite 554, Palmerton, AR 71688",406 Alicia Club Suite 554,Palmerton,AR,71688,34.007738,-92.552244
"933 Porter Port Suite 274, Thompsonhaven, IN 47160",933 Porter Port Suite 274,Thompsonhaven,IN,47160,40.15761,-86.633782
"196 Veronica Causeway, North Karen, GA 30888",196 Veronica Causeway,North Karen,GA,30888,32.445098,-81.755955
"58092 Gregory Square, West James, GA 31404",58092 Gregory Square,West James,GA,31404,35.001303,-82.996475
"7721 Peterson Lock, New Jeremiah, WA 98409",7721 Peterson Lock,New Jeremiah,WA,98409,47.975773,-116.916071
"418 Vazquez Road Suite 554, Jacksonport, AR 72499",418 Vazquez Road Suite 554,Jacksonport,AR,72499,36.499749,-90.973686
"133 Carolyn Ferry Suite 931, Robertview, SC 29944",133 Carolyn Ferry Suite 931,Robertview,SC,29944,35.215485,-79.306209
"2896 Tina Mountain Suite 696, Mackberg, NH 03483",2896 Tina Mountain Suite 696,Mackberg,NH,03483,43.269988,-71.161036
"9126 Hayden Mountains, North Breanna, DE 19863",9126 Hayden Mountains,North Breanna,DE,19863,39.661757,-75.65073
"36845 Andrea Station, Robertborough, NJ 08339",36845 Andrea Station,Robertborough,NJ,08339,41.357607,-74.572043
"0947 Larsen Way, North Ricardotown, NJ 08774",0947 Larsen Way,North Ricardotown,NJ,08774,40.332759,-75.51002
"6069 Norton Flats, South Michellestad, MS 38916",6069 Norton Flats,South Michellestad,MS,38916,34.467604,-88.423695
"59859 Vickie Station, East Amy, AZ 85922",59859 Vickie Station,East Amy,AZ,85922,34.192815,-114.496422
"506 Sonya Centers Apt. 406, Ryanstad, ID 83717",506 Sonya Centers Apt. 406,Ryanstad,ID,83717,43.987637,-117.243027
"544 Hudson Roads, South Ashley, AR 72212",544 Hudson Roads,South Ashley,AR,72212,36.190813,-89.978063
"71126 William Crossroad Suite 591, Andreaport, CO 80640",71126 William Crossroad Suite 591,Andreaport,CO,80640,37.285943,-108.186842
"25319 John Circles Suite 309, Taylorside, WV 25212",25319 John Circles Suite 309,Taylorside,WV,25212,39.32836,-79.888878
"65833 Boyd Ridge Apt. 421, New Desiree, MS 39516",65833 Boyd Ridge Apt. 421,New Desiree,MS,39516,31.995394,-90.758702
"52640 Elaine Shore, Nunezhaven, KS 67144",52640 Elaine Shore,Nunezhaven,KS,67144,38.010154,-99.713069
"54677 Emily Junctions, Matthewshire, NC 27377",54677 Emily Junctions,Matthewshire,NC,27377,35.782457,-78.393286
"3876 Sydney Roads Suite 550, Walkerland, UT 84331",3876 Sydney Roads Suite 550,Walkerland,UT,84331,38.479626,-112.358859
"52170 Young Crescent, Lake Cameron, OH 44501",52170 Young Crescent,Lake Cameron,OH,44501,42.327132,-83.774401
"401 Haynes Dale Suite 519, South Ryan, HI 96847",401 Haynes Dale Suite 519,South Ryan,HI,96847,18.98623,-155.769615
"5689 Wilson Parkway, Yangmouth, AK 99502",5689 Wilson Parkway,Yangmouth,AK,99502,65.870997,-151.48151
"89367 Green Points, West Jeffhaven, KY 40040",89367 Green Points,West Jeffhaven,KY,40040,39.120271,-81.964788
"28999 Amy Mountains Apt. 412, South Sean, NY 10083",28999 Amy Mountains Apt. 412,South Sean,NY,10083,42.714514,-77.645327
"43101 Valerie Square, West Deannaburgh, SC 29758",43101 Valerie Square,West Deannaburgh,SC,29758,33.716115,-82.690766
"56276 Graham Meadow Suite 621, New Lauren, LA 70719",56276 Graham Meadow Suite 621,New Lauren,LA,70719,30.116514,-94.043352
"27993 Hart Place Apt. 886, North David, AZ 85219",27993 Hart Place Apt. 886,North David,AZ,85219,32.957299,-113.22051
"862 Martha Skyway, New Kimberlybury, VT 05134",862 Martha Skyway,New Kimberlybury,VT,05134,43.154888,-72.896122
"2551 Diane Road Suite 057, New Amanda, WI 54047",2551 Diane Road Suite 057,New Amanda,WI,54047,42.49172,-91.636844
"209 Mark Pass Suite 932, Michaelstad, IN 47583",209 Mark Pass Suite 932,Michaelstad,IN,47583,40.888663,-87.140787
"94872 Tyler Squares, Lake Ashleystad, WI 54498",94872 Tyler Squares,Lake Ashleystad,WI,54498,45.450629,-90.692548
"44329 Jensen Trafficway Suite 949, Port Deborah, MS 38618",44329 Jensen Trafficway Suite 949,Port Deborah,MS,38618,33.437968,-90.708742
"362 Taylor Mill, West Alyssamouth, MT 59456",362 Taylor Mill,West Alyssamouth,MT,59456,46.461478,-109.846809
"8034 Espinoza Cove Apt. 177, Hernandezshire, GA 30726",8034 Espinoza Cove Apt. 177,Hernandezshire,GA,30726,30.355757,-81.353611
"318 Justin Key, Annetteside, NV 89502",318 Justin Key,Annetteside,NV,89502,42.001842,-115.578198
"8307 Amber Prairie Apt. 341, Lake Christophermouth, FL 32402",8307 Amber Prairie Apt. 341,Lake Christophermouth,FL,32402,31.000968,-85.605231
"4769 Ramos Coves, Joanchester, AR 72516",4769 Ramos Coves,Joanchester,AR,72516,36.499749,-89.795286
"1045 Tommy Stravenue, Mooremouth, MA 01320",1045 Tommy Stravenue,Mooremouth,MA,01320,42.349332,-72.372421
"55347 Timothy Haven Apt. 983, West Brian, LA 71154",55347 Timothy Haven Apt. 983,West Brian,LA,71154,31.6575,-93.332845
"953 Salinas Keys Apt. 688, Wilsonberg, CT 06025",953 Salinas Keys Apt. 688,Wilsonberg,CT,06025,41.099132,-72.65639
"951 Ramirez Ports Apt. 353, Lindsayville, IN 46291",951 Ramirez Ports Apt. 353,Lindsayville,IN,46291,39.167407,-84.784535
"111 Sawyer Lock Suite 925, Millermouth, VT 05047",111 Sawyer Lock Suite 925,Millermouth,VT,05047,43.567837,-73.437905
"4954 Michael Field, Andrewhaven, OK 73183",4954 Michael Field,Andrewhaven,OK,73183,36.154032,-98.792871
"2458 Teresa Inlet Apt. 061, New Danielbury, NH 03197",2458 Teresa Inlet Apt. 061,New Danielbury,NH,03197,42.723443,-72.512559
"428 Elizabeth Drives, East Franktown, NM 87133",428 Elizabeth Drives,East Franktown,NM,87133,33.98252,-109.050431
"84070 Michelle Highway Apt. 658, Cameronville, TX 78776",84070 Michelle Highway Apt. 658,Cameronville,TX,78776,29.770667,-97.664045
"220 Nancy Common, Jaredfurt, PA 17954",220 Nancy Common,Jaredfurt,PA,17954,39.935096,-79.875781
"516 Obrien Plaza, Rushtown, MS 39760",516 Obrien Plaza,Rushtown,MS,39760,30.355383,-89.770675
"1640 Shea Turnpike, Turnermouth, WI 54057",1640 Shea Turnpike,Turnermouth,WI,54057,46.679105,-87.856616
"761 Samantha Meadow Apt. 793, East Cheyenneport, WV 25938",761 Samantha Meadow Apt. 793,East Cheyenneport,WV,25938,39.466037,-82.639568
"676 Nancy Summit Apt. 933, New Lori, GA 31301",676 Nancy Summit Apt. 933,New Lori,GA,31301,30.824522,-82.340714
"81766 Rogers Squares, New Nancytown, ND 58048",81766 Rogers Squares,New Nancytown,ND,58048,48.206962,-104.049012
"6866 Roberts Harbor Apt. 332, Port Vincentshire, OR 97303",6866 Roberts Harbor Apt. 332,Port Vincentshire,OR,97303,45.467996,-123.321969
"009 Galvan Stravenue Apt. 840, Lake Rebecca, NC 28623",009 Galvan Stravenue Apt. 840,Lake Rebecca,NC,28623,33.879324,-81.658675
"92178 Harris Mission Apt. 174, Stevenfurt, DE 19853",92178 Harris Mission Apt. 174,Stevenfurt,DE,19853,39.275387,-74.984165
"3649 Michael Ramp Suite 102, Martinshire, OH 43359",3649 Michael Ramp Suite 102,Martinshire,OH,43359,38.403423,-84.282354
"657 Reed Forest Suite 989, East Bradleyfort, OK 73073",657 Reed Forest Suite 989,East Bradleyfort,OK,73073,37.002312,-103.002413
"915 Christina Brooks Suite 994, Thompsonshire, IL 62739",915 Christina Brooks Suite 994,Thompsonshire,IL,62739,40.941677,-87.49
"686 Best Shoals, Bullockport, MT 59329",686 Best Shoals,Bullockport,MT,59329,47.155645,-112.320902
"87173 April Flats Suite 736, Scottton, MI 48863",87173 April Flats Suite 736,Scottton,MI,48863,47.78845,-87.891552
"9873 Raymond Dale, New Wendy, RI 02835",9873 Raymond Dale,New Wendy,RI,02835,42.018799,-71.192266
"476 Judy Haven, West Garrettport, TX 78638",476 Judy Haven,West Garrettport,TX,78638,28.551321,-97.475549
"0538 Curtis Stravenue Apt. 021, Jesseton, KS 67157",0538 Curtis Stravenue Apt. 021,Jesseton,KS,67157,39.567093,-95.90093
"6993 Rita Club Apt. 421, North Ronniestad, RI 02859",6993 Rita Club Apt. 421,North Ronniestad,RI,02859,41.64407,-71.907258
"7440 Gutierrez Plain, North Kimberlyfurt, HI 96820",7440 Gutierrez Plain,North Kimberlyfurt,HI,96820,19.384837,-155.214635
"996 Jeffrey Shoals, Port Deborah, NE 68047",996 Jeffrey Shoals,Port Deborah,NE,68047,39.999932,-104.053514
"5347 Charles Alley, New Melissaton, ID 83863",5347 Charles Alley,New Melissaton,ID,83863,48.881749,-116.163473
"22781 Misty Lane Apt. 536, Amymouth, LA 70418",22781 Misty Lane Apt. 536,Amymouth,LA,70418,29.125454,-90.960319
"9251 Callahan Motorway, East Sandra, VA 24228",9251 Callahan Motorway,East Sandra,VA,24228,39.466012,-76.579474
"851 Schultz Stravenue, Lake Paul, UT 84652",851 Schultz Stravenue,Lake Paul,UT,84652,38.368236,-112.751748
"732 Shelly Manors Suite 249, Christopherfort, AZ 86393",732 Shelly Manors Suite 249,Christopherfort,AZ,86393,37.003725,-113.895354
"94050 Ingram Curve, West Elizabeth, NV 89405",94050 Ingram Curve,West Elizabeth,NV,89405,40.954566,-114.26952
"96031 Foster Parkways, Williston, OK 73067",96031 Foster Parkways,Williston,OK,73067,37.002312,-99.237041
"407 Melissa Plains, Kevinland, NC 27938",407 Melissa Plains,Kevinland,NC,27938,35.127323,-80.291315
"3627 Martinez Loaf Apt. 702, Maddoxborough, FL 32897",3627 Martinez Loaf Apt. 702,Maddoxborough,FL,32897,27.589733,-80.400048
"2065 Johnson Stravenue, Jenniferside, OK 73114",2065 Johnson Stravenue,Jenniferside,OK,73114,37.002312,-103.002413
"14436 Amy Glens Apt. 921, North Michelle, NH 03551",14436 Amy Glens Apt. 921,North Michelle,NH,03551,43.920671,-72.323398
"687 Alison Common Suite 562, West Jacobbury, NJ 07443",687 Alison Common Suite 562,West Jacobbury,NJ,07443,40.485183,-74.345651
"8448 Porter Shoal Suite 393, Williamberg, DC 20012",8448 Porter Shoal Suite 393,Williamberg,DC,20012,38.982009,-76.909393
"758 Norris Square, Thomasville, MI 49070",758 Norris Square,Thomasville,MI,49070,43.283052,-85.515534
"1456 Michael Motorway, Rodriguezport, MS 39182",1456 Michael Motorway,Rodriguezport,MS,39182,33.368364,-89.092598
"92532 Mario Port Suite 157, East Janet, SC 29425",92532 Mario Port Suite 157,East Janet,SC,29425,33.169922,-79.514973
"2613 Katherine Station, Juliachester, WY 82244",2613 Katherine Station,Juliachester,WY,82244,43.749866,-107.182823
"59685 Sarah Plains Suite 118, New Charlesside, MT 59340",59685 Sarah Plains Suite 118,New Charlesside,MT,59340,47.104174,-112.257086
"718 Thompson Lake, East Laurenburgh, KY 40500",718 Thompson Lake,East Laurenburgh,KY,40500,38.335744,-83.2464
"82176 Cody Flats Apt. 563, North Heidi, CO 81433",82176 Cody Flats Apt. 563,North Heidi,CO,81433,36.992449,-106.341107
"98995 Stevenson Ports Suite 650, Rothburgh, CA 95602",98995 Stevenson Ports Suite 650,Rothburgh,CA,95602,42.009503,-121.542118
"269 Mary Crescent Apt. 918, South Kathleentown, TX 75981",269 Mary Crescent Apt. 918,South Kathleentown,TX,75981,31.463863,-94.88339
"4074 Sandra Wells, Robertsport, CA 95325",4074 Sandra Wells,Robertsport,CA,95325,33.663646,-116.718599
"12806 Smith Camp Apt. 971, Chandlerburgh, AZ 86144",12806 Smith Camp Apt. 971,Chandlerburgh,AZ,86144,37.003725,-111.491021
"36600 Melissa Station, Hendricksborough, DC 20026",36600 Melissa Station,Hendricksborough,DC,20026,38.791645,-76.909393
"00015 Johnson Terrace, East Caitlin, ND 58550",00015 Johnson Terrace,East Caitlin,ND,58550,45.935072,-100.022093
"40503 Miller Pass, Port Ashleyfurt, UT 84775",40503 Miller Pass,Port Ashleyfurt,UT,84775,40.01202,-112.277726
"62576 Connor Hills Suite 164, East Charles, VT 05081",62576 Connor Hills Suite 164,East Charles,VT,05081,42.726933,-73.322324
"7978 Martinez Village Suite 478, Lake Timothyland, AL 36675",7978 Martinez Village Suite 478,Lake Timothyland,AL,36675,35.008028,-87.324409
"97533 Kelly Loaf, Matthewshire, DE 19847",97533 Kelly Loaf,Matthewshire,DE,19847,39.062676,-74.984165
"2820 Hill Ways, Mosshaven, UT 84125",2820 Hill Ways,Mosshaven,UT,84125,36.997657,-111.673951
"417 Amy Overpass, Hannahmouth, AL 35121",417 Amy Overpass,Hannahmouth,AL,35121,32.706263,-85.962978
"2138 Gutierrez Stravenue, Watsonshire, AK 99875",2138 Gutierrez Stravenue,Watsonshire,AK,99875,60.079497,-156.0747
"675 Joshua Forge Suite 524, Boonestad, CA 91539",675 Joshua Forge Suite 524,Boonestad,CA,91539,40.505468,-118.444336
"26129 Valerie Mills, South Charlesmouth, AZ 85519",26129 Valerie Mills,South Charlesmouth,AZ,85519,35.405038,-109.197934
"50722 Wong Parkway, Port Claudialand, MN 56435",50722 Wong Parkway,Port Claudialand,MN,56435,46.938277,-90.160649
"04617 Gonzalez Shoals Suite 180, Padillafurt, AK 99633",04617 Gonzalez Shoals Suite 180,Padillafurt,AK,99633,60.501587,-156.073975
"561 Johnson Ridges Apt. 656, Mcmillanstad, OH 43716",561 Johnson Ridges Apt. 656,Mcmillanstad,OH,43716,42.327132,-83.625091
"7810 Carson Rapid Suite 229, Fernandezburgh, ID 83475",7810 Carson Rapid Suite 229,Fernandezburgh,ID,83475,45.204541,-112.676661
"3948 Cook Throughway, Welchburgh, WV 24817",3948 Cook Throughway,Welchburgh,WV,24817,40.155292,-79.212045
"05832 Krystal Fields, Lake Mark, AL 35478",05832 Krystal Fields,Lake Mark,AL,35478,33.29096,-84.913025
"663 Jesse Landing, Danaland, MI 49929",663 Jesse Landing,Danaland,MI,49929,46.012783,-85.014789
"490 Melinda Ranch Suite 258, Barkermouth, LA 70382",490 Melinda Ranch Suite 258,Barkermouth,LA,70382,32.074944,-88.758388
"0693 Nicole Plaza Apt. 817, Port Katrinamouth, SC 29104",0693 Nicole Plaza Apt. 817,Port Katrinamouth,SC,29104,35.215485,-82.595717
"24532 David Trace Suite 915, West Derrick, MO 64476",24532 David Trace Suite 915,West Derrick,MO,64476,36.588756,-89.673485
